<?xml version="1.0"?>
<doc>
    <assembly>
        <name>BaGet.Azure</name>
    </assembly>
    <members>
        <member name="T:BaGet.Azure.AzureBlobStorageOptions">
            <summary>
            BaGet's configurations to use Azure Blob Storage to store packages.
            See: https://loic-sharma.github.io/BaGet/quickstart/azure/#azure-blob-storage
            </summary>
        </member>
        <member name="P:BaGet.Azure.AzureBlobStorageOptions.ConnectionString">
            <summary>
            The Azure Blob Storage connection string.
            If provided, ignores <see cref="P:BaGet.Azure.AzureBlobStorageOptions.AccountName"/> and <see cref="P:BaGet.Azure.AzureBlobStorageOptions.AccessKey"/>.
            </summary>
        </member>
        <member name="P:BaGet.Azure.AzureBlobStorageOptions.AccountName">
            <summary>
            The Azure Blob Storage account name. Ignored if <see cref="P:BaGet.Azure.AzureBlobStorageOptions.ConnectionString"/> is provided.
            </summary>
        </member>
        <member name="P:BaGet.Azure.AzureBlobStorageOptions.AccessKey">
            <summary>
            The Azure Blob Storage access key. Ignored if <see cref="P:BaGet.Azure.AzureBlobStorageOptions.ConnectionString"/> is provided.
            </summary>        
        </member>
        <member name="P:BaGet.Azure.AzureBlobStorageOptions.Container">
            <summary>
            The Azure Blob Storage container name.
            </summary>
        </member>
        <member name="F:BaGet.Azure.AzureSearchBatchIndexer.MaxBatchSize">
            <summary>
            Azure Search accepts batches of up to 1000 documents.
            </summary>
        </member>
        <member name="T:BaGet.Azure.ExactMatchCustomAnalyzer">
            <summary>
            A custom analyzer for case insensitive exact match.
            </summary>
        </member>
        <member name="P:BaGet.Azure.PackageDocument.Version">
            <summary>
            The package's full versions after normalization, including any SemVer 2.0.0 build metadata.
            </summary>
        </member>
        <member name="P:BaGet.Azure.PackageDocument.Versions">
            <summary>
            The package's full versions after normalization, including any SemVer 2.0.0 build metadata.
            </summary>
        </member>
        <member name="F:BaGet.Azure.SearchFilters.Default">
            <summary>
            Exclude SemVer 2.0.0 and prerelease packages.
            </summary>
        </member>
        <member name="F:BaGet.Azure.SearchFilters.IncludePrerelease">
            <summary>
            Include packages that have prerelease versions. Note that a package's dependency version ranges do not
            affect the prerelease status of the package. This is in contrast of <see cref="F:BaGet.Azure.SearchFilters.IncludeSemVer2"/>.
            </summary>
        </member>
        <member name="F:BaGet.Azure.SearchFilters.IncludeSemVer2">
            <summary>
            Include SemVer 2.0.0 packages. Note that SemVer 2.0.0 dependency version ranges make a package into a SemVer
            2.0.0 even if the package's own version string is SemVer 1.0.0.
            </summary>
        </member>
        <member name="F:BaGet.Azure.SearchFilters.IncludePrereleaseAndSemVer2">
            <summary>
            Include package that have prerelease versions and include SemVer 2.0.0 packages.
            </summary>
        </member>
        <member name="T:BaGet.Azure.PackageEntity">
            <summary>
            The Azure Table Storage entity that maps to a <see cref="T:BaGet.Core.Package"/>.
            The <see cref="P:Microsoft.Azure.Cosmos.Table.TableEntity.PartitionKey"/> is the <see cref="P:BaGet.Core.Package.Id"/> and
            the <see cref="P:Microsoft.Azure.Cosmos.Table.TableEntity.RowKey"/> is the <see cref="P:BaGet.Core.Package.Version"/>.
            </summary>
        </member>
        <member name="T:BaGet.Azure.DependencyModel">
            <summary>
            A single item in <see cref="P:BaGet.Azure.PackageEntity.Dependencies"/>.
            </summary>
        </member>
        <member name="T:BaGet.Azure.PackageTypeModel">
            <summary>
            A single item in <see cref="P:BaGet.Azure.PackageEntity.PackageTypes"/>.
            </summary>
        </member>
        <member name="T:BaGet.Azure.PackageListingEntity">
            <summary>
            The Azure Table Storage entity to update the <see cref="P:BaGet.Core.Package.Listed"/> column.
            The <see cref="P:Microsoft.Azure.Cosmos.Table.TableEntity.PartitionKey"/> is the <see cref="P:BaGet.Core.Package.Id"/> and
            the <see cref="P:Microsoft.Azure.Cosmos.Table.TableEntity.RowKey"/> is the <see cref="P:BaGet.Core.Package.Version"/>.
            </summary>
        </member>
        <member name="T:BaGet.Azure.PackageDownloadsEntity">
            <summary>
            The Azure Table Storage entity to update the <see cref="P:BaGet.Core.Package.Downloads"/> column.
            The <see cref="P:Microsoft.Azure.Cosmos.Table.TableEntity.PartitionKey"/> is the <see cref="P:BaGet.Core.Package.Id"/> and
            the <see cref="P:Microsoft.Azure.Cosmos.Table.TableEntity.RowKey"/> is the <see cref="P:BaGet.Core.Package.Version"/>.
            </summary>
        </member>
        <member name="T:BaGet.Azure.TablePackageService">
            <summary>
            Stores the metadata of packages using Azure Table Storage.
            </summary>
        </member>
    </members>
</doc>
